,Dataset
417,No
267,No
327,Yes
200,No
134,Yes
27,Yes
487,Yes
230,Yes
260,Yes
378,Yes
288,Yes
418,Yes
162,Yes
391,No
520,No
138,No
62,Yes
471,Yes
135,Yes
128,Yes
556,No
8,No
326,Yes
344,Yes
64,Yes
300,Yes
14,Yes
156,Yes
40,Yes
379,Yes
187,Yes
502,No
216,Yes
409,Yes
279,No
52,Yes
526,Yes
337,Yes
236,Yes
207,Yes
212,No
295,No
541,No
251,Yes
564,Yes
461,No
455,No
570,Yes
303,Yes
350,Yes
269,Yes
483,No
445,Yes
201,Yes
161,Yes
401,Yes
476,Yes
105,No
389,Yes
1,Yes
533,Yes
80,Yes
205,Yes
34,No
508,Yes
427,Yes
454,No
366,Yes
91,Yes
339,Yes
345,Yes
241,Yes
13,Yes
315,No
387,Yes
273,No
166,Yes
567,Yes
484,Yes
558,Yes
504,Yes
243,Yes
189,Yes
475,Yes
510,Yes
58,Yes
474,Yes
252,No
21,Yes
313,Yes
459,Yes
160,Yes
276,Yes
191,No
385,Yes
413,Yes
491,Yes
343,Yes
308,No
130,No
99,Yes
372,Yes
87,Yes
458,Yes
330,Yes
214,No
466,Yes
121,No
20,Yes
71,Yes
106,No
270,Yes
435,No
102,Yes
